{
  "generated_at": "2026-02-19T02:29:49Z",
  "config": {
    "speed_only": false,
    "top_k": 3,
    "test_size": 0.2
  },
  "metrics": {
    "n": 84,
    "top1": 0.023809523809523808,
    "top3": 0.08333333333333333,
    "mrr": 0.047619047619047616,
    "skipped_no_speed": 0,
    "judges_in_model": 139
  }
}